{"positionX":80.68000030517578,"positionY":0.5668486952781677,"positionZ":157.17999267578126,"characterStats":[],"objectsToDel":[],"objectsToCreate":[],"objectsInInventory":[],"npcPositions":[]}